{
  "type": "thermal:smelter",
  "input": [
    {
      "value": [
        {
          "tag": "forge:ingots/gold"
        },
        {
          "tag": "forge:dusts/gold"
        }
      ],
      "count": 1
    },
    {
      "value": [
        {
          "tag": "forge:ingots/silver"
        },
        {
          "tag": "forge:dusts/silver"
        }
      ],
      "count": 1
    }
  ],
  "result": [
    {
      "item": "alltheores:electrum_ingot",
      "count": 2
    }
  ],
  "energy": 3200
}