{
    "output": {
      "tag": "forge:raw_materials/vibranium"
    },
    "rarity": [
      {
        "whitelist": {
          "type": "minecraft:worldgen/biome",
          "values": [
            "allthemodium:desert_hills",
            "allthemodium:soul_sand_valley"
          ]
        },
        "blacklist": {},
        "depth_min": 100,
        "depth_max": 123,
        "weight": 1
      }
    ],
    "pointer": 0,
    "catalyst": {
      "item": "industrialforegoing:laser_lens13"
    },
    "type": "industrialforegoing:laser_drill_ore"
  }