{
    "modid": "croptopia",
    "foods": {
	"INGREDIENTS": [
            "croptopia:olive_oil",
            "croptopia:dough",
            "croptopia:noodle",
            "croptopia:flour",
            "croptopia:molasses",
            "croptopia:caramel",
            "croptopia:cinnamon",
            "croptopia:corn_husk",
            "croptopia:whipping_cream",
            "croptopia:paprika",
            "croptopia:salt",
            "croptopia:soy_sauce",
            "croptopia:raviolli"
        ]
    },
    "tools": [
	"croptopia:cooking_pot",
        "croptopia:food_press",
        "croptopia:frying_pan",
        "croptopia:knife",
        "croptopia:mortar_and_pestle"
    ],
    "water": [
	"croptopia:water_bottle"
    ],
    "milk": [
	"croptopia:milk_bottle"
    ],
    "toaster": [
        {
            "input": "minecraft:bread",
            "output": "croptopia:toast"
        }
    ]
}
