{
    "output": "{FluidName:\"allthemodium:soul_lava\",Amount:1}",
    "rarity": [
      {
        "whitelist": {
          "type": "minecraft:worldgen/biome",
          "values": [
            "allthemodium:basalt_deltas"
          ]
        },
        "blacklist": {
        },
        "depth_min": 5,
        "depth_max": 20,
        "weight": 1
      }
    ],
    "pointer": 0,
    "catalyst": {
      "item": "allthemodium:vibranium_allthemodium_alloy_ingot"
    },
    "entity": "minecraft:empty",
    "type": "industrialforegoing:laser_drill_fluid"
  }